title,code,sector,isKOSPI
AJ네트웍스,095570,도로와 철도운송,True
AK홀딩스,006840,화학,True
BGF,027410,백화점과 일반상점,True
BGF리테일,282330,백화점과 일반상점,True
BNK금융지주,138930,은행,True
BYC,001460,"섬유, 의류, 신발, 호화품",True
CJ,001040,복합기업,True
CJ CGV,079160,방송과엔터테인먼트,True
CJ대한통운,000120,항공화물운송과 물류,True
CJ씨푸드,011150,식품,True
CJ제일제당,097950,식품,True
CS홀딩스,000590,철강,True
DB,012030,IT서비스,True
DB금융투자,016610,증권,True
DB손해보험,005830,손해보험,True
DB하이텍,000990,반도체와 반도체 장비,True
DGB금융지주,139130,은행,True
DRB동일,004840,자동차부품,True
DSR,155660,비철금속,True
DSR제강,069730,철강,True
E1,017940,가스 유틸리티,True
F&F,007700,"섬유, 의류, 신발, 호화품",True
GKL,114090,"호텔, 레스토랑, 레저",True
GS,078930,석유와 가스,True
GS건설,006360,건설,True
GS글로벌,001250,무역회사와 판매업체,True
GS리테일,007070,백화점과 일반상점,True
HDC,012630,건설,True
HDC아이콘트롤스,039570,건설,True
HDC현대EP,089470,자동차부품,True
HDC현대산업개발,294870,건설,True
HMM,011200,해운사,True
HSD엔진,082740,조선,True
JB금융지주,175330,은행,True
JW생명과학,234080,제약,True
JW중외제약,001060,제약,True
JW홀딩스,096760,제약,True
KB금융,105560,은행,True
KC그린홀딩스,009440,기계,True
KC코트렐,119650,기계,True
KEC,092220,반도체와 반도체 장비,True
KG동부제철,016380,철강,True
KG케미칼,001390,화학,True
KISCO홀딩스,001940,철강,True
KPX케미칼,025000,화학,True
KPX홀딩스,092230,화학,True
KR모터스,000040,자동차,True
KSS해운,044450,해운사,True
KTB투자증권,030210,증권,True
KTcs,058850,상업서비스와 공급품,True
KTis,058860,상업서비스와 공급품,True
LF,093050,"섬유, 의류, 신발, 호화품",True
LG,003550,복합기업,True
LG디스플레이,034220,디스플레이 패널,True
LG상사,001120,무역회사와 판매업체,True
LG생활건강,051900,화장품,True
LG유플러스,032640,무선통신서비스,True
LG이노텍,011070,전자장비와 기기,True
LG전자,066570,전자제품,True
LG하우시스,108670,건축자재,True
LG헬로비전,037560,방송과엔터테인먼트,True
LG화학,051910,화학,True
LIG넥스원,079550,우주항공과 국방,True
LS,006260,전기장비,True
LS네트웍스,000680,"섬유, 의류, 신발, 호화품",True
LS전선아시아,229640,전기장비,True
MH에탄올,023150,음료,True
NAVER,035420,양방향미디어와서비스,True
NH투자증권,005940,증권,True
NH프라임리츠,338100,부동산,True
NICE,034310,상업서비스와 공급품,True
NI스틸,008260,철강,True
OCI,010060,화학,True
S&TC,100840,기계,True
S&T모티브,064960,자동차부품,True
S&T중공업,003570,자동차부품,True
S&T홀딩스,036530,자동차부품,True
S-Oil,010950,석유와 가스,True
SBS,034120,방송과엔터테인먼트,True
SBS미디어홀딩스,101060,방송과엔터테인먼트,True
SG세계물산,004060,"섬유, 의류, 신발, 호화품",True
SG충방,001380,자동차부품,True
SH에너지화학,002360,화학,True
SIMPAC,009160,기계,True
SK,034730,복합기업,True
SKC,011790,화학,True
SK가스,018670,가스 유틸리티,True
SK네트웍스,001740,복합기업,True
SK디스커버리,006120,석유와 가스,True
SK디앤디,210980,부동산,True
SK렌터카,068400,도로와 철도운송,True
SK이노베이션,096770,석유와 가스,True
SK증권,001510,증권,True
SK케미칼,285130,화학,True
SK텔레콤,017670,무선통신서비스,True
SK하이닉스,000660,반도체와 반도체 장비,True
SPC삼립,005610,식품,True
STX,011810,무역회사와 판매업체,True
STX엔진,077970,조선,True
STX중공업,071970,조선,True
TCC스틸,002710,철강,True
WISCOM,024070,화학,True
YG PLUS,037270,방송과엔터테인먼트,True
가온전선,000500,전기장비,True
강남제비스코,000860,건축자재,True
강원랜드,035250,"호텔, 레스토랑, 레저",True
갤럭시아에스엠,011420,방송과엔터테인먼트,True
경농,002100,화학,True
경동나비엔,009450,가정용 기기와 용품,True
경동도시가스,267290,가스 유틸리티,True
경동인베스트,012320,석유와 가스,True
경방,000050,"섬유, 의류, 신발, 호화품",True
경보제약,214390,제약,True
경인양행,012610,화학,True
경인전자,009140,전자제품,True
계룡건설산업,013580,건설,True
계양전기,012200,자동차부품,True
고려산업,002140,식품,True
고려아연,010130,비철금속,True
고려제강,002240,철강,True
광동제약,009290,제약,True
광명전기,017040,전기장비,True
광전자,017900,전자장비와 기기,True
광주신세계,037710,백화점과 일반상점,True
교보증권,030610,증권,True
국도화학,007690,화학,True
국동,005320,"섬유, 의류, 신발, 호화품",True
국보,001140,항공화물운송과 물류,True
국제약품,002720,제약,True
그린케미칼,083420,화학,True
극동유화,014530,석유와 가스,True
금강공업,014280,건축제품,True
금비,008870,포장재,True
금양,001570,화학,True
금호산업,002990,건설,True
금호석유화학,011780,화학,True
금호에이치티,214330,자동차부품,True
금호전기,001210,디스플레이장비 및 부품,True
금호타이어,073240,자동차부품,True
기신정기,092440,기계,True
기아자동차,000270,자동차,True
기업은행,024110,은행,True
까뮤이앤씨,013700,건설,True
깨끗한나라,004540,종이와 목재,True
남광토건,001260,건설,True
남선알미늄,008350,건축제품,True
남성,004270,전자장비와 기기,True
남양유업,003920,식품,True
남해화학,025860,화학,True
넥센,005720,자동차부품,True
넥센타이어,002350,자동차부품,True
넥스트사이언스,003580,건축자재,True
넷마블,251270,게임엔터테인먼트,True
노루페인트,090350,건축자재,True
노루홀딩스,000320,건축자재,True
녹십자,006280,제약,True
녹십자홀딩스,005250,제약,True
농심,004370,식품,True
농심홀딩스,072710,식품,True
다스코,058730,건축제품,True
다우기술,023590,IT서비스,True
대교,019680,교육서비스,True
대구백화점,006370,백화점과 일반상점,True
대덕,008060,전자장비와 기기,True
대덕전자,353200,전자장비와 기기,True
대동공업,000490,기계,True
대동전자,008110,전자장비와 기기,True
대림건설,001880,건설,True
대림비앤코,005750,건축제품,True
대림산업,000210,건설,True
대림통상,006570,건축제품,True
대상,001680,식품,True
대상홀딩스,084690,식품,True
대성산업,128820,석유와 가스,True
대성에너지,117580,가스 유틸리티,True
대성홀딩스,016710,가스 유틸리티,True
대신증권,003540,증권,True
대양금속,009190,비철금속,True
대영포장,014160,포장재,True
대우건설,047040,건설,True
대우부품,009320,자동차부품,True
대우조선해양,042660,조선,True
대웅,003090,제약,True
대웅제약,069620,제약,True
대원강업,000430,자동차부품,True
대원전선,006340,전기장비,True
대원제약,003220,제약,True
대원화성,024890,"섬유, 의류, 신발, 호화품",True
대유에이텍,002880,자동차부품,True
대유플러스,000300,자동차부품,True
대창,012800,비철금속,True
대창단조,015230,기계,True
대한방직,001070,"섬유, 의류, 신발, 호화품",True
대한유화,006650,화학,True
대한전선,001440,전기장비,True
대한제강,084010,철강,True
대한제당,001790,식품,True
대한제분,001130,식품,True
대한항공,003490,항공사,True
대한해운,005880,해운사,True
대한화섬,003830,화학,True
대현,016090,"섬유, 의류, 신발, 호화품",True
대호에이엘,069460,비철금속,True
더블유게임즈,192080,게임엔터테인먼트,True
더존비즈온,012510,소프트웨어,True
덕성,004830,"섬유, 의류, 신발, 호화품",True
덕양산업,024900,자동차부품,True
덴티움,145720,건강관리장비와 용품,True
도화엔지니어링,002150,건설,True
동국제강,001230,-,True
동남합성,023450,화학,True
동방,004140,항공화물운송과 물류,True
동방아그로,007590,화학,True
동부건설,005960,건설,True
동서,026960,식품,True
동성제약,002210,제약,True
동성코퍼레이션,102260,화학,True
동성화학,005190,화학,True
동아쏘시오홀딩스,000640,제약,True
동아에스티,170900,제약,True
동아지질,028100,건설,True
동아타이어,282690,자동차부품,True
동양,001520,건축자재,True
동양고속,084670,도로와 철도운송,True
동양물산기업,002900,기계,True
동양생명,082640,생명보험,True
동양철관,008970,철강,True
동양피스톤,092780,자동차부품,True
동원F&B,049770,식품,True
동원금속,018500,자동차부품,True
동원산업,006040,식품,True
동원수산,030720,식품,True
동원시스템즈,014820,포장재,True
동일고무벨트,163560,자동차부품,True
동일산업,004890,철강,True
동일제강,002690,철강,True
동화약품,000020,제약,True
두산,000150,복합기업,True
두산밥캣,241560,기계,True
두산솔루스,336370,전자장비와 기기,True
두산인프라코어,042670,기계,True
두산중공업,034020,기계,True
두산퓨얼셀,336260,전기제품,True
두올,016740,자동차부품,True
드림텍,192650,핸드셋,True
디씨엠,024090,비철금속,True
디아이,003160,반도체와 반도체 장비,True
디아이동일,001530,"섬유, 의류, 신발, 호화품",True
디아이씨,092200,자동차부품,True
디와이,013570,기계,True
디와이파워,210540,기계,True
디티알오토모티브,007340,자동차부품,True
디피씨,026890,전기제품,True
락앤락,115390,포장재,True
롯데관광개발,032350,"호텔, 레스토랑, 레저",True
롯데리츠,330590,부동산,True
롯데손해보험,000400,손해보험,True
롯데쇼핑,023530,백화점과 일반상점,True
롯데정밀화학,004000,화학,True
롯데정보통신,286940,IT서비스,True
롯데제과,280360,식품,True
롯데지주,004990,식품,True
롯데칠성음료,005300,음료,True
롯데케미칼,011170,화학,True
롯데푸드,002270,식품,True
롯데하이마트,071840,전문소매,True
마니커,027740,식품,True
만도,204320,자동차부품,True
만호제강,001080,철강,True
맥쿼리인프라,088980,운송 인프라,True
맵스리얼티1,094800,-,True
메리츠금융지주,138040,손해보험,True
메리츠증권,008560,증권,True
메리츠화재,000060,손해보험,True
메타랩스,090370,"섬유, 의류, 신발, 호화품",True
명문제약,017180,제약,True
모나리자,012690,가정용품,True
모나미,005360,문구류,True
모두투어리츠,204210,부동산,True
모토닉,009680,자동차부품,True
무림P&P,009580,종이와 목재,True
무림페이퍼,009200,종이와 목재,True
무학,033920,음료,True
문배철강,008420,철강,True
미래산업,025560,반도체와 반도체 장비,True
미래아이앤지,007120,IT서비스,True
미래에셋대우,006800,증권,True
미래에셋맵스리츠,357250,부동산,True
미래에셋생명,085620,생명보험,True
미원상사,002840,화학,True
미원에스씨,268280,화학,True
미원홀딩스,107590,화학,True
미원화학,134380,화학,True
미창석유공업,003650,석유와 가스,True
바다로19호,155900,해운사,True
방림,003610,"섬유, 의류, 신발, 호화품",True
백광산업,001340,화학,True
백산,035150,"섬유, 의류, 신발, 호화품",True
범양건영,002410,건설,True
베트남개발1,096300,-,True
벽산,007210,건축자재,True
보락,002760,식품,True
보령제약,003850,제약,True
보해양조,000890,음료,True
부광약품,003000,제약,True
부국증권,001270,증권,True
부국철강,026940,철강,True
부산도시가스,015350,가스 유틸리티,True
부산산업,011390,건축자재,True
부산주공,005030,자동차부품,True
비비안,002070,"섬유, 의류, 신발, 호화품",True
비상교육,100220,교육서비스,True
비케이탑스,030790,IT서비스,True
비티원,101140,"섬유, 의류, 신발, 호화품",True
빅히트,352820,방송과엔터테인먼트,True
빙그레,005180,식품,True
사조대림,003960,식품,True
사조동아원,008040,식품,True
사조산업,007160,식품,True
사조씨푸드,014710,식품,True
사조오양,006090,식품,True
삼광글라스,005090,포장재,True
삼부토건,001470,건설,True
삼성SDI,006400,전기제품,True
삼성공조,006660,자동차부품,True
삼성물산,028260,복합기업,True
삼성바이오로직스,207940,제약,True
삼성생명,032830,생명보험,True
삼성에스디에스,018260,IT서비스,True
삼성엔지니어링,028050,건설,True
삼성전기,009150,전자장비와 기기,True
삼성전자,005930,반도체와 반도체 장비,True
삼성제약,001360,제약,True
삼성중공업,010140,조선,True
삼성증권,016360,증권,True
삼성출판사,068290,문구류,True
삼성카드,029780,카드,True
삼성화재해상보험,000810,손해보험,True
삼아알미늄,006110,비철금속,True
삼양사,145990,식품,True
삼양식품,003230,식품,True
삼양통상,002170,"섬유, 의류, 신발, 호화품",True
삼양패키징,272550,포장재,True
삼양홀딩스,000070,식품,True
삼영무역,002810,화학,True
삼영전자공업,005680,전기제품,True
삼영화학공업,003720,화학,True
삼원강재,023000,자동차부품,True
삼익THK,004380,기계,True
삼익악기,002450,레저용 장비와 제품,True
삼일씨엔에스,004440,건축자재,True
삼일제약,000520,제약,True
삼정펄프,009770,가정용품,True
삼진제약,005500,제약,True
삼천리,004690,가스 유틸리티,True
삼호개발,010960,건설,True
삼화왕관,004450,포장재,True
삼화전기,009470,전기제품,True
삼화전자공업,011230,-,True
삼화콘덴서공업,001820,전기제품,True
삼화페인트공업,000390,건축자재,True
상상인증권,001290,증권,True
상신브레이크,041650,자동차부품,True
새론오토모티브,075180,자동차부품,True
샘표,007540,식품,True
샘표식품,248170,식품,True
서연,007860,자동차부품,True
서연이화,200880,자동차부품,True
서울도시가스,017390,가스 유틸리티,True
서울식품공업,004410,식품,True
서원,021050,비철금속,True
서흥,008490,생명과학 도구 및 서비스,True
선도전기,007610,전기장비,True
선진,136490,식품,True
선창산업,002820,종이와 목재,True
성문전자,014910,전기제품,True
성보화학,003080,화학,True
성신양회,004980,건축자재,True
성안,011300,"섬유, 의류, 신발, 호화품",True
성창기업지주,000180,종이와 목재,True
세기상사,002420,방송과엔터테인먼트,True
세방,004360,항공화물운송과 물류,True
세방전지,004490,자동차부품,True
세아베스틸,001430,철강,True
세아제강,306200,철강,True
세아제강지주,003030,철강,True
세아특수강,019440,철강,True
세아홀딩스,058650,철강,True
세우글로벌,013000,판매업체,True
세원셀론텍,091090,석유와 가스,True
세원정공,021820,자동차부품,True
세이브존I&C,067830,백화점과 일반상점,True
세종공업,033530,자동차부품,True
세진중공업,075580,조선,True
세하,027970,포장재,True
세화아이엠씨,145210,자동차부품,True
센트랄모텍,308170,자동차부품,True
센트럴인사이트,012600,컴퓨터와 주변기기,True
셀트리온,068270,제약,True
송원산업,004430,화학,True
수산중공업,017550,기계,True
시디즈,134790,가구,True
신대양제지,016590,포장재,True
신도리코,029530,사무용 전자제품,True
신라교역,004970,식품,True
신성이엔지,011930,반도체와 반도체 장비,True
신성통상,005390,"섬유, 의류, 신발, 호화품",True
신세계,004170,백화점과 일반상점,True
신세계I&C,035510,IT서비스,True
신세계건설,034300,건설,True
신세계인터내셔날,031430,"섬유, 의류, 신발, 호화품",True
신세계푸드,031440,"호텔, 레스토랑, 레저",True
신송홀딩스,006880,식품과 기본식료품 소매,True
신영와코루,005800,"섬유, 의류, 신발, 호화품",True
신영증권,001720,증권,True
신원,009270,"섬유, 의류, 신발, 호화품",True
신일전자,002700,가정용 기기와 용품,True
신풍제약,019170,제약,True
신풍제지,002870,포장재,True
신한알파리츠,293940,부동산,True
신한지주,055550,은행,True
신화실업,001770,철강,True
신흥,004080,건강관리장비와 용품,True
쌍방울,102280,"섬유, 의류, 신발, 호화품",True
쌍용양회공업,003410,건축자재,True
쌍용자동차,003620,자동차,True
써니전자,004770,전자장비와 기기,True
쎌마테라퓨틱스,015540,판매업체,True
씨아이테크,004920,컴퓨터와 주변기기,True
씨에스윈드,112610,기계,True
아남전자,008700,전자제품,True
아모레퍼시픽,090430,화장품,True
아모레퍼시픽그룹,002790,화장품,True
아세아,002030,포장재,True
아세아시멘트,183190,건축자재,True
아세아제지,002310,포장재,True
아시아나IDT,267850,IT서비스,True
아시아나항공,020560,항공사,True
아이마켓코리아,122900,상업서비스와 공급품,True
아이에스동서,010780,건설,True
아이에이치큐,003560,방송과엔터테인먼트,True
아주캐피탈,033660,기타금융,True
알루코,001780,비철금속,True
애경산업,018250,화장품,True
애경유화,161000,화학,True
에넥스,011090,가구,True
에스엘,005850,자동차부품,True
에스원,012750,상업서비스와 공급품,True
에스제이엠,123700,자동차부품,True
에스제이엠홀딩스,025530,자동차부품,True
에스케이바이오팜,326030,제약,True
에쓰씨엔지니어링,023960,건설,True
에어부산,298690,항공사,True
에이리츠,140910,부동산,True
에이블씨엔씨,078520,화장품,True
에이엔피,015260,전자장비와 기기,True
에이프로젠 KIC,007460,기계,True
에이프로젠제약,003060,제약,True
엔씨소프트,036570,게임엔터테인먼트,True
엔에스쇼핑,138250,인터넷과 카탈로그 소매,True
엔에이치엔,181710,게임엔터테인먼트,True
엔케이,085310,기계,True
엔케이물산,009810,방송과엔터테인먼트,True
엔피씨,004250,화학,True
엘브이엠씨,900140,자동차,True
엘에스일렉트릭,010120,전기장비,True
영보화학,014440,화학,True
영원무역,111770,"섬유, 의류, 신발, 호화품",True
영원무역홀딩스,009970,"섬유, 의류, 신발, 호화품",True
영진약품,003520,제약,True
영풍,000670,핸드셋,True
영풍제지,006740,종이와 목재,True
영화금속,012280,자동차부품,True
영흥,012160,철강,True
예스코홀딩스,015360,가스 유틸리티,True
오뚜기,007310,식품,True
오리엔트바이오,002630,자동차부품,True
오리온,271560,식품,True
오리온홀딩스,001800,식품,True
용평리조트,070960,"호텔, 레스토랑, 레저",True
우리금융지주,316140,은행,True
우리들제약,004720,제약,True
우리들휴브레인,118000,IT서비스,True
우리종금,010050,기타금융,True
우성사료,006980,식품,True
우신시스템,017370,자동차부품,True
우진,105840,기계,True
우진아이엔에스,010400,건설,True
우진플라임,049800,기계,True
웅진,016880,복합기업,True
웅진씽크빅,095720,교육서비스,True
원림,005820,포장재,True
웰바이오텍,010600,"섬유, 의류, 신발, 호화품",True
윌비스,008600,"섬유, 의류, 신발, 호화품",True
유나이티드,033270,제약,True
유니드,014830,화학,True
유니온,000910,건축자재,True
유니온머티리얼,047400,자동차부품,True
유니켐,011330,"섬유, 의류, 신발, 호화품",True
유니퀘스트,077500,반도체와 반도체 장비,True
유성기업,002920,자동차부품,True
유수홀딩스,000700,항공화물운송과 물류,True
유안타증권,003470,증권,True
유양디앤유,011690,디스플레이장비 및 부품,True
유엔젤,072130,IT서비스,True
유유제약,000220,제약,True
유진증권,001200,증권,True
유한양행,000100,제약,True
유화증권,003460,증권,True
율촌화학,008730,포장재,True
이건산업,008250,건축자재,True
이구산업,025820,비철금속,True
이노션,214320,광고,True
이리츠코크렙,088260,부동산,True
이마트,139480,백화점과 일반상점,True
이수페타시스,007660,전자장비와 기기,True
이수화학,005950,화학,True
이스타코,015020,방송과엔터테인먼트,True
이아이디,093230,석유와 가스,True
이엔플러스,074610,기계,True
이연제약,102460,제약,True
이월드,084680,"호텔, 레스토랑, 레저",True
이지스레지던스리츠,350520,부동산,True
이지스밸류플러스리츠,334890,부동산,True
이화산업,000760,화학,True
인디에프,014990,"섬유, 의류, 신발, 호화품",True
인스코비,006490,다각화된 통신서비스,True
인지컨트롤스,023800,자동차부품,True
인천도시가스,034590,가스 유틸리티,True
인터지스,129260,항공화물운송과 물류,True
인팩,023810,자동차부품,True
일동제약,249420,제약,True
일동홀딩스,000230,제약,True
일성건설,013360,건설,True
일성신약,003120,제약,True
일신방직,003200,"섬유, 의류, 신발, 호화품",True
일신석재,007110,건축자재,True
일양약품,007570,제약,True
일정실업,008500,자동차부품,True
일진다이아,081000,비철금속,True
일진디스플,020760,디스플레이 패널,True
일진머티리얼즈,020150,전자장비와 기기,True
일진전기,103590,전기장비,True
일진홀딩스,015860,전기장비,True
잇츠한불,226320,화장품,True
자이에스앤디,317400,건설,True
자화전자,033240,전자장비와 기기,True
전방,000950,"섬유, 의류, 신발, 호화품",True
제이알글로벌리츠,348950,부동산,True
제이에스코퍼레이션,194370,"섬유, 의류, 신발, 호화품",True
제이준코스메틱,025620,화장품,True
제이콘텐트리,036420,방송과엔터테인먼트,True
제일기획,030000,광고,True
제일약품,271980,제약,True
제일연마,001560,비철금속,True
제일파마홀딩스,002620,제약,True
제주은행,006220,은행,True
제주항공,089590,항공사,True
조광페인트,004910,건축자재,True
조광피혁,004700,"섬유, 의류, 신발, 호화품",True
조비,001550,화학,True
조선내화,000480,비철금속,True
조선선재,120030,철강,True
조일알미늄,018470,비철금속,True
조흥,002600,식품,True
종근당,185750,제약,True
종근당바이오,063160,제약,True
종근당홀딩스,001630,제약,True
주연테크,044380,컴퓨터와 주변기기,True
지누스,013890,가구,True
지엠비코리아,013870,자동차부품,True
지역난방공사,071320,복합 유틸리티,True
지코,010580,자동차부품,True
지투알,035000,광고,True
진도,088790,"섬유, 의류, 신발, 호화품",True
진양산업,003780,화학,True
진양폴리우레탄,010640,화학,True
진양홀딩스,100250,화학,True
진양화학,051630,화학,True
진에어,272450,항공사,True
진원생명과학,011000,생물공학,True
진흥기업,002780,건설,True
참엔지니어링,009310,디스플레이장비 및 부품,True
천일고속,000650,도로와 철도운송,True
체시스,033250,자동차부품,True
카카오,035720,양방향미디어와서비스,True
카프로,006380,화학,True
컨버즈,109070,종이와 목재,True
케이비아이동국실업,001620,자동차부품,True
케이씨,029460,반도체와 반도체 장비,True
케이씨씨,002380,건축자재,True
케이씨씨글라스,344820,건축자재,True
케이씨텍,281820,반도체와 반도체 장비,True
케이씨티시,009070,항공화물운송과 물류,True
케이탑리츠,145270,부동산,True
케이티,030200,다각화된 통신서비스,True
케이티스카이라이프,053210,방송과엔터테인먼트,True
케이티앤지,033780,담배,True
코람코에너지리츠,357120,부동산,True
코리아써키트,007810,전자장비와 기기,True
코리아오토글라스,152330,자동차부품,True
코리안리,003690,손해보험,True
코스맥스,192820,화장품,True
코스맥스비티아이,044820,제약,True
코스모신소재,005070,화학,True
코스모화학,005420,화학,True
코아스,071950,가구,True
코오롱,002020,화학,True
코오롱글로벌,003070,건설,True
코오롱머티리얼,144620,"섬유, 의류, 신발, 호화품",True
코오롱인더,120110,화학,True
코오롱플라스틱,138490,화학,True
코웨이,021240,가정용 기기와 용품,True
콤텍시스템,031820,IT서비스,True
쿠쿠홀딩스,192400,가정용 기기와 용품,True
쿠쿠홈시스,284740,가정용 기기와 용품,True
큐로,015590,기계,True
크라운제과,264900,식품,True
크라운해태홀딩스,005740,식품,True
키다리스튜디오,020120,양방향미디어와서비스,True
키움증권,039490,증권,True
키위미디어그룹,012170,방송과엔터테인먼트,True
태경비케이,014580,비철금속,True
태경산업,015890,비철금속,True
태경케미컬,006890,화학,True
태광산업,003240,화학,True
태림포장,011280,포장재,True
태양금속공업,004100,자동차부품,True
태영건설,009410,건설,True
태원물산,001420,자동차부품,True
태평양물산,007980,"섬유, 의류, 신발, 호화품",True
테이팩스,055490,화학,True
텔코웨어,078000,소프트웨어,True
토니모리,214420,화장품,True
티비에이치글로벌,084870,"섬유, 의류, 신발, 호화품",True
티에이치엔,019180,자동차부품,True
티와이홀딩스,363280,건설,True
티웨이항공,091810,항공사,True
티웨이홀딩스,004870,항공사,True
파미셀,005690,화학,True
팜스코,036580,식품,True
팬오션,028670,해운사,True
퍼스텍,010820,우주항공과 국방,True
퍼시스,016800,가구,True
페이퍼코리아,001020,종이와 목재,True
평화산업,090080,자동차부품,True
평화홀딩스,010770,자동차부품,True
포스코,005490,철강,True
포스코강판,058430,비철금속,True
포스코인터내셔널,047050,무역회사와 판매업체,True
포스코케미칼,003670,화학,True
폴루스바이오팜,007630,화장품,True
풀무원,017810,식품,True
풍산,103140,비철금속,True
풍산홀딩스,005810,비철금속,True
필룩스,033180,전기제품,True
하나금융지주,086790,은행,True
하나제약,293480,제약,True
하나투어,039130,"호텔, 레스토랑, 레저",True
하이골드12호,172580,해운사,True
하이골드3호,153360,해운사,True
하이스틸,071090,철강,True
하이트론씨스템즈,019490,통신장비,True
하이트진로,000080,음료,True
하이트진로홀딩스,000140,음료,True
한국ANKOR유전,152550,-,True
한국가스공사,036460,가스 유틸리티,True
한국공항,005430,운송 인프라,True
한국금융지주,071050,증권,True
한국내화,010040,비철금속,True
한국단자공업,025540,자동차부품,True
한국석유공업,004090,화학,True
한국수출포장공업,002200,포장재,True
한국쉘석유,002960,석유와 가스,True
한국자산신탁,123890,부동산,True
한국전력공사,015760,전기 유틸리티,True
한국전자홀딩스,006200,반도체와 반도체 장비,True
한국조선해양,009540,조선,True
한국종합기술,023350,건설,True
한국주강,025890,철강,True
한국주철관공업,000970,철강,True
한국철강,104700,철강,True
한국카본,017960,조선,True
한국콜마,161890,화장품,True
한국콜마홀딩스,024720,화장품,True
한국타이어앤테크놀로지,161390,자동차부품,True
한국테크놀로지그룹,000240,자동차부품,True
한국토지신탁,034830,부동산,True
한국특수형강,007280,철강,True
한국패러랠,168490,-,True
한국프랜지공업,010100,자동차부품,True
한국항공우주,047810,우주항공과 국방,True
한국화장품,123690,화장품,True
한국화장품제조,003350,화장품,True
한농화성,011500,화학,True
한독,002390,제약,True
한라,014790,건설,True
한라홀딩스,060980,자동차부품,True
한미글로벌,053690,건설,True
한미반도체,042700,반도체와 반도체 장비,True
한미사이언스,008930,제약,True
한미약품,128940,제약,True
한샘,009240,가구,True
한섬,020000,"섬유, 의류, 신발, 호화품",True
한성기업,003680,식품,True
한세실업,105630,"섬유, 의류, 신발, 호화품",True
한세엠케이,069640,"섬유, 의류, 신발, 호화품",True
한세예스24홀딩스,016450,"섬유, 의류, 신발, 호화품",True
한솔로지스틱스,009180,항공화물운송과 물류,True
한솔제지,213500,종이와 목재,True
한솔케미칼,014680,화학,True
한솔테크닉스,004710,디스플레이장비 및 부품,True
한솔피엔에스,010420,종이와 목재,True
한솔홀딩스,004150,종이와 목재,True
한솔홈데코,025750,건축자재,True
한신공영,004960,건설,True
한신기계공업,011700,기계,True
한양증권,001750,증권,True
한온시스템,018880,자동차부품,True
한올바이오파마,009420,제약,True
한익스프레스,014130,항공화물운송과 물류,True
한일시멘트,300720,건축자재,True
한일철강,002220,철강,True
한일현대시멘트,006390,건축자재,True
한일홀딩스,003300,건축자재,True
한전KPS,051600,전기 유틸리티,True
한전기술,052690,전기 유틸리티,True
한전산업,130660,전기 유틸리티,True
한진,002320,항공화물운송과 물류,True
한진중공업,097230,조선,True
한진중공업홀딩스,003480,가스 유틸리티,True
한진칼,180640,항공사,True
한창,005110,부동산,True
한창제지,009460,포장재,True
한화,000880,생명보험,True
한화생명,088350,생명보험,True
한화손해보험,000370,손해보험,True
한화솔루션,009830,화학,True
한화시스템,272210,우주항공과 국방,True
한화에어로스페이스,012450,우주항공과 국방,True
한화투자증권,003530,증권,True
해성디에스,195870,반도체와 반도체 장비,True
해태제과식품,101530,식품,True
핸즈코퍼레이션,143210,자동차부품,True
현대건설,000720,건설,True
현대건설기계,267270,기계,True
현대그린푸드,005440,식품과 기본식료품 소매,True
현대글로비스,086280,항공화물운송과 물류,True
현대로템,064350,기계,True
현대리바트,079430,가구,True
현대모비스,012330,자동차부품,True
현대미포조선,010620,조선,True
현대백화점,069960,백화점과 일반상점,True
현대비앤지스틸,004560,비철금속,True
현대약품,004310,제약,True
현대에너지솔루션,322000,에너지 장비 및 서비스,True
현대에이치씨엔,126560,방송과엔터테인먼트,True
현대엘리베이터,017800,기계,True
현대오토에버,307950,IT서비스,True
현대위아,011210,자동차부품,True
현대일렉트릭,267260,전기장비,True
현대자동차,005380,자동차,True
현대제철,004020,철강,True
현대종합상사,011760,무역회사와 판매업체,True
현대중공업지주,267250,석유와 가스,True
현대차증권,001500,증권,True
현대코퍼레이션홀딩스,227840,식품과 기본식료품 소매,True
현대해상,001450,손해보험,True
현대홈쇼핑,057050,인터넷과 카탈로그 소매,True
형지엘리트,093240,"섬유, 의류, 신발, 호화품",True
혜인,003010,기계,True
호전실업,111110,"섬유, 의류, 신발, 호화품",True
호텔신라,008770,"호텔, 레스토랑, 레저",True
화성산업,002460,건설,True
화승알앤에이,013520,자동차부품,True
화승엔터프라이즈,241590,"섬유, 의류, 신발, 호화품",True
화승인더스트리,006060,"섬유, 의류, 신발, 호화품",True
화신,010690,자동차부품,True
화인베스틸,133820,철강,True
화천기계,010660,기계,True
화천기공,000850,기계,True
환인제약,016580,제약,True
황금에스티,032560,비철금속,True
효성,004800,복합기업,True
효성 ITX,094280,상업서비스와 공급품,True
효성중공업,298040,전기장비,True
효성첨단소재,298050,화학,True
효성티앤씨,298020,"섬유, 의류, 신발, 호화품",True
효성화학,298000,화학,True
후성,093370,화학,True
휠라홀딩스,081660,"섬유, 의류, 신발, 호화품",True
휴니드테크놀러지스,005870,우주항공과 국방,True
휴비스,079980,"섬유, 의류, 신발, 호화품",True
휴스틸,005010,철강,True
휴켐스,069260,화학,True
흥국화재,000540,손해보험,True
흥아해운,003280,해운사,True
3S,060310,기계,False
APS홀딩스,054620,디스플레이장비 및 부품,False
AP시스템,265520,디스플레이장비 및 부품,False
AP위성,211270,핸드셋,False
CJ ENM,035760,방송과엔터테인먼트,False
CJ프레시웨이,051500,식품과 기본식료품 소매,False
CMG제약,058820,제약,False
CNH,023460,기타금융,False
CS,065770,통신장비,False
CSA 코스믹,083660,화장품,False
DB금융스팩7호,322780,창업투자,False
DMS,068790,디스플레이장비 및 부품,False
DSC인베스트먼트,241520,창업투자,False
EDGC,245620,생명과학 도구 및 서비스,False
EG,037370,무역회사와 판매업체,False
EMW,079190,핸드셋,False
GH신소재,130500,자동차부품,False
GRT,900290,디스플레이장비 및 부품,False
GST,083450,반도체와 반도체 장비,False
GS홈쇼핑,028150,인터넷과 카탈로그 소매,False
GV,045890,디스플레이장비 및 부품,False
HB테크놀러지,078150,디스플레이장비 및 부품,False
HRS,036640,화학,False
IBKS제10호스팩,299170,창업투자,False
IBKS제11호스팩,335890,창업투자,False
IBKS제12호스팩,335870,창업투자,False
IBKS제13호스팩,351340,창업투자,False
IBKS제14호스팩,351320,창업투자,False
ISC,095340,반도체와 반도체 장비,False
ITX-AI,099520,전자장비와 기기,False
JTC,950170,백화점과 일반상점,False
JW신약,067290,제약,False
JYP Ent.,035900,-,False
KBI메탈,024840,전기장비,False
KB오토시스,024120,자동차부품,False
KCC건설,021320,건설,False
KCI,036670,화학,False
KD,044180,건설,False
KG ETS,151860,복합 유틸리티,False
KG모빌리언스,046440,IT서비스,False
KG이니시스,035600,IT서비스,False
KH바텍,060720,핸드셋,False
KMH,122450,방송과엔터테인먼트,False
KMH하이텍,052900,반도체와 반도체 장비,False
KNN,058400,방송과엔터테인먼트,False
KPX생명과학,114450,제약,False
KTH,036030,인터넷과 카탈로그 소매,False
KT서브마린,060370,건설,False
MP그룹,065150,"호텔, 레스토랑, 레저",False
MP한강,219550,화장품,False
NEW,160550,방송과엔터테인먼트,False
NE능률,053290,교육서비스,False
NHN벅스,104200,방송과엔터테인먼트,False
NHN한국사이버결제,060250,IT서비스,False
NICE평가정보,030190,상업서비스와 공급품,False
OQP,078590,자동차부품,False
PI첨단소재,178920,화학,False
PN풍년,024940,가정용 기기와 용품,False
RFHIC,218410,통신장비,False
S&K폴리텍,091340,전자장비와 기기,False
SBI인베스트먼트,019550,창업투자,False
SBI핀테크솔루션즈,950110,IT서비스,False
SBS콘텐츠허브,046140,방송과엔터테인먼트,False
SCI평가정보,036120,상업서비스와 공급품,False
SDN,099220,에너지 장비 및 서비스,False
SFA반도체,036540,반도체와 반도체 장비,False
SG,255220,건축자재,False
SG&G,040610,자동차부품,False
SGA,049470,소프트웨어,False
SGA솔루션즈,184230,소프트웨어,False
SK4호스팩,307070,창업투자,False
SK5호스팩,337450,창업투자,False
SK6호스팩,340350,창업투자,False
SKC 솔믹스,057500,반도체와 반도체 장비,False
SK머티리얼즈,036490,디스플레이장비 및 부품,False
SM C&C,048550,광고,False
SM Life Design,063440,방송과엔터테인먼트,False
SNK,950180,게임엔터테인먼트,False
SV인베스트먼트,289080,창업투자,False
THE E&M,089230,양방향미디어와서비스,False
THE MIDONG,161570,자동차부품,False
TJ미디어,032540,전자제품,False
TPC,048770,기계,False
TS인베스트먼트,246690,창업투자,False
UCI,038340,교육서비스,False
WI,073570,반도체와 반도체 장비,False
W홀딩컴퍼니,052300,건축제품,False
YBM넷,057030,교육서비스,False
YTN,040300,방송과엔터테인먼트,False
YW,051390,판매업체,False
iMBC,052220,방송과엔터테인먼트,False
가비아,079940,IT서비스,False
가온미디어,078890,전자제품,False
감마누,192410,통신장비,False
강스템바이오텍,217730,생물공학,False
강원,114190,기계,False
갤럭시아머니트리,094480,IT서비스,False
게임빌,063080,게임엔터테인먼트,False
경남바이오파마,044480,가정용품,False
경남스틸,039240,철강,False
경남제약,053950,제약,False
경남제약헬스케어,223310,전자제품,False
경동제약,011040,제약,False
경창산업,024910,자동차부품,False
고려시멘트,198440,건축자재,False
고려신용정보,049720,상업서비스와 공급품,False
고려제약,014570,제약,False
고영,098460,전자장비와 기기,False
골드퍼시픽,038530,"섬유, 의류, 신발, 호화품",False
골든센츄리,900280,자동차부품,False
골프존,215000,게임엔터테인먼트,False
골프존뉴딘홀딩스,121440,레저용 장비와 제품,False
광림,014200,기계,False
광진실업,026910,철강,False
광진윈텍,090150,자동차부품,False
교보10호기업인수목적,355150,창업투자,False
교보8호스팩,307280,창업투자,False
교보9호스팩,331520,창업투자,False
구영테크,053270,자동차부품,False
국보디자인,066620,건설,False
국순당,043650,음료,False
국영지앤엠,006050,건축제품,False
국일신동,060480,비철금속,False
국일제지,078130,종이와 목재,False
그리티,204020,"섬유, 의류, 신발, 호화품",False
그린플러스,186230,비철금속,False
글로벌에스엠,900070,자동차부품,False
글로벌텍스프리,204620,기타금융,False
글로본,019660,화장품,False
글로스퍼랩스,032860,철강,False
금강철강,053260,철강,False
금화피에스시,036190,건설,False
기가레인,049080,반도체와 반도체 장비,False
기산텔레콤,035460,통신장비,False
까스텔바작,308100,"섬유, 의류, 신발, 호화품",False
나노,187790,화학,False
나노브릭,286750,화학,False
나노스,151910,핸드셋,False
나노신소재,121600,화학,False
나노엔텍,039860,생명과학 도구 및 서비스,False
나노캠텍,091970,화학,False
나라엠앤디,051490,기계,False
나무가,190510,핸드셋,False
나무기술,242040,IT서비스,False
나스미디어,089600,광고,False
나우IB,293580,창업투자,False
나이벡,138610,건강관리장비와 용품,False
나이스디앤비,130580,상업서비스와 공급품,False
나이스정보통신,036800,상업서비스와 공급품,False
나인테크,267320,반도체와 반도체 장비,False
남화산업,111710,"호텔, 레스토랑, 레저",False
남화토건,091590,건설,False
내츄럴엔도텍,168330,제약,False
네스엠,056000,게임엔터테인먼트,False
네오셈,253590,반도체와 반도체 장비,False
네오오토,212560,자동차부품,False
네오위즈,095660,게임엔터테인먼트,False
네오위즈홀딩스,042420,게임엔터테인먼트,False
네오크레마,311390,식품과 기본식료품 소매,False
네오티스,085910,자동차부품,False
네오팜,092730,화장품,False
네오펙트,290660,건강관리장비와 용품,False
네온테크,306620,반도체와 반도체 장비,False
네이블커뮤니케이션즈,153460,소프트웨어,False
네이처셀,007390,음료,False
네패스,033640,반도체와 반도체 장비,False
넥스턴,089140,기계,False
넥스트BT,065170,제약,False
넥스트아이,137940,디스플레이장비 및 부품,False
넥스틴,348210,반도체와 반도체 장비,False
넥슨지티,041140,게임엔터테인먼트,False
넵튠,217270,게임엔터테인먼트,False
넷게임즈,225570,게임엔터테인먼트,False
노랑풍선,104620,"호텔, 레스토랑, 레저",False
노바렉스,194700,제약,False
노바텍,285490,핸드셋,False
노터스,278650,생명과학 도구 및 서비스,False
녹십자랩셀,144510,건강관리업체 및 서비스,False
녹십자셀,031390,생물공학,False
녹십자엠에스,142280,건강관리장비와 용품,False
녹십자웰빙,234690,제약,False
녹원씨엔아이,065560,화학,False
농우바이오,054050,생물공학,False
누리텔레콤,040160,소프트웨어,False
누리플랜,069140,상업서비스와 공급품,False
뉴로스,126870,기계,False
뉴보텍,060260,건축제품,False
뉴인텍,012340,전기제품,False
뉴지랩,214870,통신장비,False
뉴트리,270870,제약,False
뉴파워프라즈마,144960,반도체와 반도체 장비,False
뉴프라이드,900100,자동차부품,False
뉴프렉스,085670,전자장비와 기기,False
다나와,119860,인터넷과 카탈로그 소매,False
다날,064260,IT서비스,False
다믈멀티미디어,093640,반도체와 반도체 장비,False
다산네트웍스,039560,통신장비,False
다우데이타,032190,증권,False
다원시스,068240,전자장비와 기기,False
대동금속,020400,자동차부품,False
대동기어,008830,기계,False
대동스틸,048470,철강,False
대륙제관,004780,포장재,False
대림제지,017650,포장재,False
대명소노시즌,007720,판매업체,False
대모,317850,기계,False
대보마그네틱,290670,전기제품,False
대봉엘에스,078140,제약,False
대성미생물,036480,제약,False
대성엘텍,025440,자동차부품,False
대성창투,027830,창업투자,False
대성파인텍,104040,자동차부품,False
대신밸런스제6호스팩,307750,창업투자,False
대신밸런스제7호스팩,332290,창업투자,False
대신밸런스제8호스팩,336570,창업투자,False
대신정보통신,020180,IT서비스,False
대아티아이,045390,IT서비스,False
대양전기공업,108380,조선,False
대양제지,006580,포장재,False
대원,007680,건설,False
대원미디어,048910,방송과엔터테인먼트,False
대원산업,005710,자동차부품,False
대유,290380,화학,False
대유에이피,290120,자동차부품,False
대정화금,120240,화학,False
대주산업,003310,식품,False
대주전자재료,078600,전자장비와 기기,False
대창솔루션,096350,기계,False
대창스틸,140520,철강,False
대한과학,131220,생명과학 도구 및 서비스,False
대한광통신,010170,전기장비,False
대한그린파워,060900,석유와 가스,False
대한뉴팜,054670,제약,False
대한약품,023910,제약,False
대호피앤씨,021040,철강,False
대화제약,067080,제약,False
더네이쳐홀딩스,298540,"섬유, 의류, 신발, 호화품",False
더블유에프엠,035290,교육서비스,False
덕산네오룩스,213420,디스플레이장비 및 부품,False
덕산테코피아,317330,디스플레이장비 및 부품,False
덕산하이메탈,077360,반도체와 반도체 장비,False
덕신하우징,090410,건축제품,False
덕우전자,263600,핸드셋,False
데브시스터즈,194480,게임엔터테인먼트,False
데이타솔루션,263800,IT서비스,False
데일리블록체인,139050,IT서비스,False
덱스터,206560,방송과엔터테인먼트,False
덴티스,261200,건강관리장비와 용품,False
도이치모터스,067990,전문소매,False
동구바이오제약,006620,제약,False
동국S&C,100130,기계,False
동국산업,005160,철강,False
동국알앤에스,075970,비철금속,False
동국제약,086450,제약,False
동방선기,099410,조선,False
동성화인텍,033500,화학,False
동신건설,025950,건설,False
동아엘텍,088130,디스플레이장비 및 부품,False
동아화성,041930,자동차부품,False
동양에스텍,060380,철강,False
동양이엔피,079960,전기제품,False
동양파일,228340,건축자재,False
동우팜투테이블,088910,식품,False
동운아나텍,094170,핸드셋,False
동원개발,013120,건설,False
동일금속,109860,기계,False
동일기연,032960,전자장비와 기기,False
동일철강,023790,철강,False
동진쎄미켐,005290,반도체와 반도체 장비,False
동화기업,025900,건축자재,False
듀오백,073190,가구,False
드래곤플라이,030350,게임엔터테인먼트,False
드림시큐리티,203650,소프트웨어,False
드림씨아이에스,223250,제약,False
드림어스컴퍼니,060570,전자제품,False
디딤,217620,"호텔, 레스토랑, 레저",False
디바이스이엔지,187870,디스플레이장비 및 부품,False
디스플레이텍,066670,핸드셋,False
디아이티,110990,디스플레이장비 및 부품,False
디알젬,263690,건강관리장비와 용품,False
디알텍,214680,건강관리장비와 용품,False
디앤씨미디어,263720,출판,False
디에스케이,109740,디스플레이장비 및 부품,False
디에스티,033430,기계,False
디에이치피코리아,131030,제약,False
디에이테크놀로지,196490,전기제품,False
디에이피,066900,전자장비와 기기,False
디엔에이링크,127120,생명과학 도구 및 서비스,False
디엔에프,092070,반도체와 반도체 장비,False
디엠티,134580,전자제품,False
디오,039840,건강관리장비와 용품,False
디오스텍,196450,핸드셋,False
디와이피엔에프,104460,기계,False
디이엔티,079810,디스플레이장비 및 부품,False
디자인,227100,핸드셋,False
디젠스,113810,자동차부품,False
디지아이,043360,컴퓨터와 주변기기,False
디지캡,197140,소프트웨어,False
디지탈옵틱,106520,핸드셋,False
디지털대성,068930,교육서비스,False
디지틀조선,033130,출판,False
디케이락,105740,기계,False
디케이앤디,263020,"섬유, 의류, 신발, 호화품",False
디케이티,290550,핸드셋,False
디티앤씨,187220,전자장비와 기기,False
딜리,131180,컴퓨터와 주변기기,False
라닉스,317120,통신장비,False
라온시큐어,042510,소프트웨어,False
라온피플,300120,전자장비와 기기,False
라이브파이낸셜,036170,디스플레이장비 및 부품,False
라이브플렉스,050120,레저용 장비와 제품,False
라이온켐텍,171120,건축자재,False
라이트론,069540,통신장비,False
라파스,214260,화장품,False
램테크놀러지,171010,반도체와 반도체 장비,False
랩지노믹스,084650,생명과학 도구 및 서비스,False
러셀,217500,반도체와 반도체 장비,False
럭슬,033600,자동차부품,False
레고켐바이오,141080,생명과학 도구 및 서비스,False
레드로버,060300,방송과엔터테인먼트,False
레드캡투어,038390,도로와 철도운송,False
레몬,294140,화학,False
레이,228670,건강관리장비와 용품,False
레이언스,228850,건강관리장비와 용품,False
레이크머티리얼즈,281740,화학,False
로보로보,215100,교육서비스,False
로보스타,090360,기계,False
로보티즈,108490,교육서비스,False
로스웰,900260,자동차부품,False
로지시스,067730,IT서비스,False
로체시스템즈,071280,디스플레이장비 및 부품,False
루멘스,038060,디스플레이장비 및 부품,False
루미마이크로,082800,디스플레이장비 및 부품,False
루트로닉,085370,건강관리장비와 용품,False
룽투코리아,060240,게임엔터테인먼트,False
리노공업,058470,반도체와 반도체 장비,False
리노스,039980,"섬유, 의류, 신발, 호화품",False
리더스 기술투자,019570,창업투자,False
리더스코스메틱,016100,화장품,False
리드코프,012700,기타금융,False
리메드,302550,건강관리장비와 용품,False
린드먼아시아,277070,창업투자,False
링네트,042500,IT서비스,False
링크제니시스,219420,소프트웨어,False
마니커에프앤지,195500,식품,False
마이더스AI,222810,소프트웨어,False
마이크로디지탈,305090,건강관리장비와 용품,False
마이크로컨텍솔,098120,반도체와 반도체 장비,False
마이크로프랜드,147760,반도체와 반도체 장비,False
마크로젠,038290,생명과학 도구 및 서비스,False
매일유업,267980,식품,False
매일홀딩스,005990,식품,False
매직마이크로,127160,디스플레이장비 및 부품,False
매커스,093520,전자장비와 기기,False
맥스로텍,141070,기계,False
머큐리,100590,통신장비,False
멀티캠퍼스,067280,교육서비스,False
메가스터디,072870,교육서비스,False
메가스터디교육,215200,교육서비스,False
메가엠디,133750,교육서비스,False
메드팩토,235980,제약,False
메디아나,041920,건강관리장비와 용품,False
메디앙스,014100,가정용품,False
메디콕스,054180,조선,False
메디톡스,086900,생물공학,False
메디포럼제약,047920,제약,False
메디포스트,078160,생물공학,False
메디프론,065650,컴퓨터와 주변기기,False
메이슨캐피탈,021880,기타금융,False
메지온,140410,제약,False
메카로,241770,반도체와 반도체 장비,False
메타바이오메드,059210,건강관리장비와 용품,False
메탈라이프,327260,통신장비,False
멕아이씨에스,058110,건강관리장비와 용품,False
멜파스,096640,핸드셋,False
명성티엔에스,257370,전기제품,False
모다이노칩,080420,전자장비와 기기,False
모두투어,080160,"호텔, 레스토랑, 레저",False
모바일리더,100030,소프트웨어,False
모바일어플라이언스,087260,전자제품,False
모베이스,101330,핸드셋,False
모베이스전자,012860,자동차부품,False
모비스,250060,전자장비와 기기,False
모아텍,033200,전자장비와 기기,False
모트렉스,118990,자동차부품,False
모헨즈,006920,건축자재,False
무림SP,001810,종이와 목재,False
미디어젠,279600,소프트웨어,False
미래SCI,028040,화학,False
미래나노텍,095500,디스플레이장비 및 부품,False
미래생명자원,218150,식품,False
미래에셋대우스팩 5호,353490,창업투자,False
미래에셋대우스팩3호,328380,창업투자,False
미래에셋대우스팩4호,333430,창업투자,False
미래에셋벤처투자,100790,창업투자,False
미래컴퍼니,049950,디스플레이장비 및 부품,False
미래테크놀로지,213090,IT서비스,False
미스터블루,207760,출판,False
미코,059090,반도체와 반도체 장비,False
미코바이오메드,214610,건강관리장비와 용품,False
미투온,201490,게임엔터테인먼트,False
미투젠,950190,게임엔터테인먼트,False
민앤지,214180,IT서비스,False
바디텍메드,206640,생명과학 도구 및 서비스,False
바른손,018700,방송과엔터테인먼트,False
바른손이앤에이,035620,방송과엔터테인먼트,False
바른전자,064520,반도체와 반도체 장비,False
바른테크놀로지,029480,통신장비,False
바이넥스,053030,제약,False
바이오니아,064550,생물공학,False
바이오로그디바이스,208710,핸드셋,False
바이오리더스,142760,생물공학,False
바이오솔루션,086820,생물공학,False
바이오스마트,038460,전자장비와 기기,False
바이오톡스텍,086040,생명과학 도구 및 서비스,False
바이온,032980,제약,False
바텍,043150,건강관리장비와 용품,False
박셀바이오,323990,제약,False
배럴,267790,"섬유, 의류, 신발, 호화품",False
백금T&A,046310,전자장비와 기기,False
버추얼텍,036620,종이와 목재,False
버킷스튜디오,066410,IT서비스,False
베뉴지,019010,백화점과 일반상점,False
베셀,177350,디스플레이장비 및 부품,False
베스파,299910,게임엔터테인먼트,False
보광산업,225530,건축자재,False
보라티알,250000,식품과 기본식료품 소매,False
보성파워텍,006910,전기장비,False
본느,226340,화장품,False
부방,014470,가정용 기기와 용품,False
부스타,008470,기계,False
뷰웍스,100120,건강관리장비와 용품,False
브랜드엑스코퍼레이션,337930,"섬유, 의류, 신발, 호화품",False
브레인콘텐츠,066980,IT서비스,False
브리지텍,064480,IT서비스,False
브릿지바이오,288330,제약,False
브이원텍,251630,디스플레이장비 및 부품,False
브이티지엠피,018290,사무용 전자제품,False
블러썸엠앤씨,263920,화장품,False
블루콤,033560,핸드셋,False
비나텍,126340,전기장비,False
비덴트,121800,전자장비와 기기,False
비디아이,148140,기계,False
비비씨,318410,가정용품,False
비씨월드제약,200780,제약,False
비아트론,141000,디스플레이장비 및 부품,False
비에이치,090460,전자장비와 기기,False
비에이치아이,083650,기계,False
비엠티,086670,기계,False
비즈니스온,138580,소프트웨어,False
비츠로셀,082920,전기제품,False
비츠로시스,054220,IT서비스,False
비츠로테크,042370,전기장비,False
비트컴퓨터,032850,건강관리기술,False
비피도,238200,제약,False
빅솔론,093190,컴퓨터와 주변기기,False
빅텍,065450,우주항공과 국방,False
빛샘전자,072950,통신장비,False
사람인에이치알,143240,상업서비스와 공급품,False
삼강엠앤티,100090,조선,False
삼기,122350,자동차부품,False
삼륭물산,014970,포장재,False
삼목에스폼,018310,건축제품,False
삼보모터스,053700,자동차부품,False
삼보산업,009620,비철금속,False
삼보판지,023600,포장재,False
삼본전자,111870,전자제품,False
삼성머스트스팩3호,309930,창업투자,False
삼성스팩2호,291230,창업투자,False
삼아제약,009300,제약,False
삼양옵틱스,225190,전자장비와 기기,False
삼영엠텍,054540,기계,False
삼영이엔씨,065570,조선,False
삼일,032280,항공화물운송과 물류,False
삼일기업공사,002290,건설,False
삼지전자,037460,통신장비,False
삼진,032750,전자제품,False
삼진엘앤디,054090,디스플레이장비 및 부품,False
삼천당제약,000250,제약,False
삼천리자전거,024950,레저용 장비와 제품,False
삼표시멘트,038500,건축자재,False
삼현철강,017480,철강,False
삼화네트웍스,046390,방송과엔터테인먼트,False
상보,027580,디스플레이장비 및 부품,False
상상인,038540,IT서비스,False
상상인이안1호스팩,307870,창업투자,False
상상인이안제2호스팩,329560,창업투자,False
상상인인더스트리,101000,조선,False
상신이디피,091580,핸드셋,False
상신전자,263810,전자장비와 기기,False
상아프론테크,089980,전기제품,False
상지카일룸,042940,건설,False
새로닉스,042600,디스플레이장비 및 부품,False
샘코,263540,우주항공과 국방,False
서남,294630,에너지 장비 및 서비스,False
서린바이오,038070,생물공학,False
서부T&D,006730,"호텔, 레스토랑, 레저",False
서산,079650,건축자재,False
서암기계공업,100660,기계,False
서연탑메탈,019770,자동차부품,False
서울리거,043710,건강관리업체 및 서비스,False
서울바이오시스,092190,디스플레이장비 및 부품,False
서울반도체,046890,디스플레이장비 및 부품,False
서울옥션,063170,판매업체,False
서울전자통신,027040,전기제품,False
서울제약,018680,제약,False
서원인텍,093920,핸드셋,False
서전기전,189860,전기장비,False
서진시스템,178320,통신장비,False
서진오토모티브,122690,자동차부품,False
서플러스글로벌,140070,반도체와 반도체 장비,False
서한,011370,건설,False
서호전기,065710,소프트웨어,False
서희건설,035890,건설,False
선광,003100,운송 인프라,False
선데이토즈,123420,게임엔터테인먼트,False
선익시스템,171090,디스플레이장비 및 부품,False
성광벤드,014620,기계,False
성도이엔지,037350,반도체와 반도체 장비,False
성우전자,081580,핸드셋,False
성우테크론,045300,반도체와 반도체 장비,False
성우하이텍,015750,자동차부품,False
성창오토텍,080470,자동차부품,False
성호전자,043260,전기제품,False
세경하이테크,148150,핸드셋,False
세동,053060,자동차부품,False
세명전기,017510,전기장비,False
세미콘라이트,214310,디스플레이장비 및 부품,False
세보엠이씨,011560,건설,False
세운메디칼,100700,건강관리장비와 용품,False
세원,234100,자동차부품,False
세원물산,024830,자동차부품,False
세종메디칼,258830,건강관리장비와 용품,False
세종텔레콤,036630,다각화된 통신서비스,False
세중,039310,"호텔, 레스토랑, 레저",False
세진티에스,067770,디스플레이장비 및 부품,False
세코닉스,053450,전자장비와 기기,False
세틀뱅크,234340,IT서비스,False
세화피앤씨,252500,화장품,False
센트럴바이오,051980,건축자재,False
셀레믹스,331920,생물공학,False
셀루메드,049180,건강관리장비와 용품,False
셀리드,299660,생물공학,False
셀리버리,268600,생물공학,False
셀바스AI,108860,건강관리장비와 용품,False
셀바스헬스케어,208370,건강관리장비와 용품,False
셀트리온제약,068760,제약,False
셀트리온헬스케어,091990,제약,False
소리바다,053110,방송과엔터테인먼트,False
소마젠,950200,생명과학 도구 및 서비스,False
소프트센,032680,IT서비스,False
소프트캠프,258790,소프트웨어,False
손오공,066910,레저용 장비와 제품,False
솔고바이오,043100,건강관리장비와 용품,False
솔루에타,154040,자동차부품,False
솔본,035610,건강관리기술,False
솔브레인,357780,반도체와 반도체 장비,False
솔브레인홀딩스,036830,반도체와 반도체 장비,False
솔트룩스,304100,IT서비스,False
솔트웍스,230980,우주항공과 국방,False
쇼박스,086980,방송과엔터테인먼트,False
수산아이앤티,050960,IT서비스,False
수성,084180,기계,False
수젠텍,253840,건강관리장비와 용품,False
슈펙스비앤피,058530,판매업체,False
슈프리마,236200,전자장비와 기기,False
슈프리마아이디,317770,전자장비와 기기,False
슈프리마에이치큐,094840,전자장비와 기기,False
슈피겐코리아,192440,핸드셋,False
스맥,099440,기계,False
스카이문스테크놀로지,033790,통신장비,False
스카이이앤엠,131100,화학,False
스킨앤스킨,159910,화장품,False
스타모빌리티,158310,기계,False
스타플렉스,115570,화학,False
스튜디오드래곤,253450,방송과엔터테인먼트,False
스튜디오산타클로스,204630,방송과엔터테인먼트,False
스페코,013810,기계,False
승일,049830,포장재,False
시공테크,020710,"호텔, 레스토랑, 레저",False
시그네틱스,033170,반도체와 반도체 장비,False
시너지이노베이션,048870,건강관리장비와 용품,False
시노펙스,025320,핸드셋,False
시스웍,269620,반도체와 반도체 장비,False
시큐브,131090,소프트웨어,False
신도기연,290520,디스플레이장비 및 부품,False
신라섬유,001000,무선통신서비스,False
신라에스지,025870,식품,False
신라젠,215600,생물공학,False
신성델타테크,065350,가정용 기기와 용품,False
신신제약,002800,제약,False
신영스팩5호,323280,창업투자,False
신영스팩6호,344050,창업투자,False
신원종합개발,017000,건설,False
신일제약,012790,제약,False
신진에스엠,138070,기계,False
신테카바이오,226330,건강관리업체 및 서비스,False
신한제5호스팩,323230,창업투자,False
신한제6호스팩,333050,창업투자,False
신화인터텍,056700,디스플레이장비 및 부품,False
신화콘텍,187270,전기제품,False
신흥에스이씨,243840,전기제품,False
실리콘웍스,108320,디스플레이장비 및 부품,False
심텍,222800,전자장비와 기기,False
심텍홀딩스,036710,전자장비와 기기,False
싸이맥스,160980,반도체와 반도체 장비,False
싸이토젠,217330,생물공학,False
쌍용정보통신,010280,IT서비스,False
썸에이지,208640,게임엔터테인먼트,False
쎄노텍,222420,화학,False
쎄니트,037760,비철금속,False
쎄미시스코,136510,디스플레이장비 및 부품,False
쎄트렉아이,099320,우주항공과 국방,False
쎌바이오텍,049960,생물공학,False
쏠리드,050890,통신장비,False
씨씨에스,066790,방송과엔터테인먼트,False
씨아이에스,222080,전기제품,False
씨앤지하이테크,264660,반도체와 반도체 장비,False
씨에스베어링,297090,기계,False
씨엔플러스,115530,전자장비와 기기,False
씨엠에스에듀,225330,교육서비스,False
씨유메디칼,115480,전문소매,False
씨젠,096530,생명과학 도구 및 서비스,False
씨케이에이치,900120,제약,False
씨큐브,101240,화장품,False
씨티씨바이오,060590,제약,False
씨티케이코스메틱스,260930,화장품,False
아가방컴퍼니,013990,"섬유, 의류, 신발, 호화품",False
아나패스,123860,디스플레이장비 및 부품,False
아난티,025980,"호텔, 레스토랑, 레저",False
아래스,050320,전자장비와 기기,False
아리온,058220,전자제품,False
아모그린텍,125210,전자장비와 기기,False
아모텍,052710,핸드셋,False
아미노로직스,074430,제약,False
아미코젠,092040,생물공학,False
아바코,083930,디스플레이장비 및 부품,False
아바텍,149950,디스플레이장비 및 부품,False
아비코전자,036010,전기제품,False
아세아텍,050860,기계,False
아스타,246720,건강관리장비와 용품,False
아스트,067390,우주항공과 국방,False
아시아경제,127710,출판,False
아시아종묘,154030,생물공학,False
아우딘퓨쳐스,227610,화장품,False
아이디스,143160,전자장비와 기기,False
아이디스홀딩스,054800,전자장비와 기기,False
아이디피,332370,컴퓨터와 주변기기,False
아이비김영,339950,교육서비스,False
아이센스,099190,건강관리장비와 용품,False
아이스크림에듀,289010,교육서비스,False
아이쓰리시스템,214430,우주항공과 국방,False
아이씨디,040910,디스플레이장비 및 부품,False
아이씨케이,068940,전자장비와 기기,False
아이앤씨,052860,통신장비,False
아이에스이커머스,069920,인터넷과 카탈로그 소매,False
아이에이,038880,자동차부품,False
아이에이네트웍스,123010,반도체와 반도체 장비,False
아이엘사이언스,307180,디스플레이장비 및 부품,False
아이엠,101390,전자장비와 기기,False
아이엠이연이,090740,디스플레이장비 및 부품,False
아이엠텍,226350,핸드셋,False
아이오케이,078860,방송과엔터테인먼트,False
아이원스,114810,반도체와 반도체 장비,False
아이즈비전,031310,통신장비,False
아이진,185490,생물공학,False
아이컴포넌트,059100,디스플레이장비 및 부품,False
아이큐어,175250,화장품,False
아이크래프트,052460,통신장비,False
아이텍,119830,반도체와 반도체 장비,False
아이톡시,052770,게임엔터테인먼트,False
아이티센,124500,IT서비스,False
아이티엠반도체,084850,전자장비와 기기,False
아주IB투자,027360,창업투자,False
아즈텍WB,032080,"섬유, 의류, 신발, 호화품",False
아진산업,013310,자동차부품,False
아진엑스텍,059120,반도체와 반도체 장비,False
아톤,158430,소프트웨어,False
아프리카TV,067160,양방향미디어와서비스,False
안국약품,001540,제약,False
안랩,053800,소프트웨어,False
안트로젠,065660,제약,False
알로이스,297570,전자제품,False
알리코제약,260660,제약,False
알서포트,131370,소프트웨어,False
알에스오토메이션,140670,기계,False
알에프세미,096610,핸드셋,False
알에프텍,061040,핸드셋,False
알엔투테크놀로지,148250,통신장비,False
알테오젠,196170,생물공학,False
알톤스포츠,123750,레저용 장비와 제품,False
알티캐스트,085810,소프트웨어,False
알파홀딩스,117670,반도체와 반도체 장비,False
압타머사이언스,291650,생물공학,False
압타바이오,293780,제약,False
애니젠,196300,생물공학,False
애니플러스,310200,방송과엔터테인먼트,False
액션스퀘어,205500,게임엔터테인먼트,False
액토즈소프트,052790,게임엔터테인먼트,False
액트,131400,전자장비와 기기,False
액트로,290740,핸드셋,False
앤디포스,238090,핸드셋,False
앤씨앤,092600,반도체와 반도체 장비,False
앱클론,174900,생물공학,False
야스,255440,디스플레이장비 및 부품,False
양지사,030960,문구류,False
어보브반도체,102120,반도체와 반도체 장비,False
얼라인드,238120,생명과학 도구 및 서비스,False
에너토크,019990,기계,False
에버다임,041440,기계,False
에스넷,038680,통신장비,False
에스디생명공학,217480,화장품,False
에스디시스템,121890,전자장비와 기기,False
에스맥,097780,핸드셋,False
에스모,073070,자동차부품,False
에스모 머티리얼즈,087730,반도체와 반도체 장비,False
에스씨디,042110,전기제품,False
에스씨엠생명과학,298060,제약,False
에스아이리소스,065420,석유와 가스,False
에스앤더블류,103230,조선,False
에스앤씨엔진그룹,900080,자동차부품,False
에스앤에스텍,101490,반도체와 반도체 장비,False
에스에너지,095910,에너지 장비 및 서비스,False
에스에스알,275630,소프트웨어,False
에스에이엠티,031330,전자장비와 기기,False
에스에이티,060540,핸드셋,False
에스에프에이,056190,기계,False
에스엔유,080000,디스플레이장비 및 부품,False
에스엠,041510,방송과엔터테인먼트,False
에스엠코어,007820,기계,False
에스와이,109610,건축자재,False
에스제이그룹,306040,"섬유, 의류, 신발, 호화품",False
에스제이케이,080440,자동차부품,False
에스코넥,096630,핸드셋,False
에스텍,069510,전자장비와 기기,False
에스텍파마,041910,제약,False
에스트래픽,234300,IT서비스,False
에스티아이,039440,반도체와 반도체 장비,False
에스티오,098660,"섬유, 의류, 신발, 호화품",False
에스티큐브,052020,전자장비와 기기,False
에스티팜,237690,제약,False
에스폴리텍,050760,화학,False
에스퓨얼셀,288620,전기제품,False
에스피시스템스,317830,기계,False
에스피지,058610,전기제품,False
에쎈테크,043340,기계,False
에이디칩스,054630,전자제품,False
에이디테크놀로지,200710,반도체와 반도체 장비,False
에이루트,096690,컴퓨터와 주변기기,False
에이비엘바이오,298380,생물공학,False
에이비프로바이오,195990,기계,False
에이스침대,003800,가구,False
에이스테크,088800,통신장비,False
에이스토리,241840,방송과엔터테인먼트,False
에이씨티,138360,화장품,False
에이아이비트,039230,디스플레이장비 및 부품,False
에이에프더블류,312610,전기제품,False
에이치시티,072990,전자장비와 기기,False
에이치엔티,176440,핸드셋,False
에이치엘비,028300,조선,False
에이치엘비생명과학,067630,제약,False
에이치엘비파워,043220,기계,False
에이치엘사이언스,239610,제약,False
에이치엠씨제4호스팩,353070,창업투자,False
에이치케이,044780,기계,False
에이테크솔루션,071670,기계,False
에이텍,045660,컴퓨터와 주변기기,False
에이텍티앤,224110,컴퓨터와 주변기기,False
에이티넘인베스트,021080,창업투자,False
에이티세미콘,089530,반도체와 반도체 장비,False
에이팩트,200470,반도체와 반도체 장비,False
에이프런티어,036180,생명과학 도구 및 서비스,False
에이프로,262260,전자장비와 기기,False
에이프로젠 H&G,109960,제약,False
에이피티씨,089970,반도체와 반도체 장비,False
에치에프알,230240,통신장비,False
에코마이스터,064510,기계,False
에코마케팅,230360,광고,False
에코바이오,038870,독립전력생산 및 에너지거래,False
에코캡,128540,자동차부품,False
에코프로,086520,화학,False
에코프로비엠,247540,전기제품,False
에코플라스틱,038110,자동차부품,False
에프알텍,073540,통신장비,False
에프앤리퍼블릭,064090,화장품,False
에프에스티,036810,반도체와 반도체 장비,False
에프엔씨엔터,173940,방송과엔터테인먼트,False
에프엔에스테크,083500,디스플레이장비 및 부품,False
엑사이엔씨,054940,반도체와 반도체 장비,False
엑세스바이오,950130,생명과학 도구 및 서비스,False
엑셈,205100,소프트웨어,False
엑스큐어,070300,핸드셋,False
엑시콘,092870,반도체와 반도체 장비,False
엔바이오니아,317870,가정용 기기와 용품,False
엔브이에이치코리아,067570,자동차부품,False
엔시트론,101400,반도체와 반도체 장비,False
엔에스,217820,전기제품,False
엔에스엔,031860,레저용 장비와 제품,False
엔에이치스팩13호,310840,창업투자,False
엔에이치스팩14호,319400,창업투자,False
엔에이치스팩16호,353190,창업투자,False
엔에이치스팩17호,359090,창업투자,False
엔지스테크널러지,208860,소프트웨어,False
엔지켐생명과학,183490,제약,False
엔케이맥스,182400,생명과학 도구 및 서비스,False
엔터메이트,206400,게임엔터테인먼트,False
엔텔스,069410,IT서비스,False
엔투텍,227950,반도체와 반도체 장비,False
엔피디,198080,핸드셋,False
엔피케이,048830,화학,False
엘디티,096870,디스플레이장비 및 부품,False
엘비세미콘,061970,반도체와 반도체 장비,False
엘아이에스,138690,디스플레이장비 및 부품,False
엘앤씨바이오,290650,건강관리장비와 용품,False
엘앤에프,066970,전기제품,False
엘앤케이바이오,156100,건강관리장비와 용품,False
엘엠에스,073110,디스플레이장비 및 부품,False
엘오티베큠,083310,반도체와 반도체 장비,False
엘이티,297890,디스플레이장비 및 부품,False
엘컴텍,037950,핸드셋,False
엘티씨,170920,디스플레이장비 및 부품,False
엠게임,058630,게임엔터테인먼트,False
엠벤처투자,019590,창업투자,False
엠브레인,169330,IT서비스,False
엠씨넥스,097520,핸드셋,False
엠아이텍,179290,건강관리장비와 용품,False
엠에스씨,009780,식품,False
엠에스오토텍,123040,자동차부품,False
엠젠플러스,032790,컴퓨터와 주변기기,False
엠케이전자,033160,반도체와 반도체 장비,False
엠투아이,347890,전자장비와 기기,False
엠투엔,033310,포장재,False
엠플러스,259630,전기제품,False
연우,115960,포장재,False
영림원소프트랩,060850,소프트웨어,False
영신금속,007530,자동차부품,False
영우디에스피,143540,디스플레이장비 및 부품,False
영풍정밀,036560,기계,False
영화테크,265560,자동차부품,False
예림당,036000,항공사,False
예선테크,250930,디스플레이장비 및 부품,False
예스24,053280,인터넷과 카탈로그 소매,False
예스티,122640,반도체와 반도체 장비,False
오가닉티코스메틱,900300,화장품,False
오공,045060,화학,False
오디텍,080520,반도체와 반도체 장비,False
오로라,039830,레저용 장비와 제품,False
오르비텍,046120,우주항공과 국방,False
오리엔탈정공,014940,조선,False
오리엔트정공,065500,자동차부품,False
오리콤,010470,광고,False
오상자이엘,053980,소프트웨어,False
오성첨단소재,052420,디스플레이장비 및 부품,False
오션브릿지,241790,반도체와 반도체 장비,False
오스코텍,039200,생물공학,False
오스테오닉,226400,건강관리장비와 용품,False
오스템,031510,자동차부품,False
오스템임플란트,048260,건강관리장비와 용품,False
오이솔루션,138080,통신장비,False
오킨스전자,080580,반도체와 반도체 장비,False
오텍,067170,가정용 기기와 용품,False
오파스넷,173130,IT서비스,False
오픈베이스,049480,IT서비스,False
올리패스,244460,화장품,False
올릭스,226950,생물공학,False
옴니시스템,057540,전자장비와 기기,False
옵트론텍,082210,전자장비와 기기,False
옵티시스,109080,통신장비,False
옵티팜,153710,제약,False
와이솔,122990,핸드셋,False
와이아이케이,232140,반도체와 반도체 장비,False
와이엔텍,067900,해운사,False
와이엠씨,155650,디스플레이장비 및 부품,False
와이엠티,251370,전자장비와 기기,False
와이오엠,066430,화학,False
와이제이엠게임즈,193250,핸드셋,False
와이즈버즈,273060,광고,False
와이지-원,019210,기계,False
와이지엔터테인먼트,122870,방송과엔터테인먼트,False
와이팜,332570,핸드셋,False
와토스코리아,079000,건축제품,False
우노앤컴퍼니,114630,"섬유, 의류, 신발, 호화품",False
우리기술,032820,전자장비와 기기,False
우리기술투자,041190,창업투자,False
우리넷,115440,통신장비,False
우리로,046970,컴퓨터와 주변기기,False
우리바이오,082850,디스플레이장비 및 부품,False
우리산업,215360,자동차부품,False
우리산업홀딩스,072470,자동차부품,False
우리손에프앤지,073560,식품,False
우리이앤엘,153490,디스플레이장비 및 부품,False
우리조명,037400,디스플레이장비 및 부품,False
우림기계,101170,기계,False
우수AMS,066590,자동차부품,False
우양,103840,식품,False
우원개발,046940,건설,False
우정바이오,215380,생명과학 도구 및 서비스,False
우주일렉트로,065680,핸드셋,False
우진비앤지,018620,제약,False
원방테크,053080,기계,False
원익,032940,건강관리장비와 용품,False
원익IPS,240810,반도체와 반도체 장비,False
원익QnC,074600,반도체와 반도체 장비,False
원익머트리얼즈,104830,화학,False
원익큐브,014190,화학,False
원익홀딩스,030530,반도체와 반도체 장비,False
원일특강,012620,철강,False
원풍,008370,화학,False
원풍물산,008290,"섬유, 의류, 신발, 호화품",False
월덱스,101160,반도체와 반도체 장비,False
웨이브일렉트로,095270,통신장비,False
웰크론,065950,건설,False
웰크론한텍,076080,기계,False
웹스,196700,화학,False
웹젠,069080,게임엔터테인먼트,False
웹케시,053580,소프트웨어,False
위니아딤채,071460,가정용 기기와 용품,False
위닉스,044340,가정용 기기와 용품,False
위더스제약,330350,제약,False
위메이드,112040,게임엔터테인먼트,False
위세아이텍,065370,IT서비스,False
위즈코프,038620,석유와 가스,False
위지윅스튜디오,299900,방송과엔터테인먼트,False
위지트,036090,디스플레이장비 및 부품,False
윈스,136540,소프트웨어,False
윈텍,320000,전자장비와 기기,False
윈팩,097800,반도체와 반도체 장비,False
윈하이텍,192390,건축제품,False
윌링스,313760,에너지 장비 및 서비스,False
윙입푸드,900340,식품,False
유니셈,036200,반도체와 반도체 장비,False
유니슨,018000,기계,False
유니온커뮤니티,203450,전자장비와 기기,False
유니크,011320,자동차부품,False
유니테스트,086390,반도체와 반도체 장비,False
유니테크노,241690,자동차부품,False
유니트론텍,142210,반도체와 반도체 장비,False
유라테크,048430,자동차부품,False
유바이오로직스,206650,생물공학,False
유비벨록스,089850,통신장비,False
유비케어,032620,건강관리기술,False
유비쿼스,264450,통신장비,False
유비쿼스홀딩스,078070,통신장비,False
유성티엔에스,024800,도로와 철도운송,False
유신,054930,건설,False
유아이디,069330,디스플레이장비 및 부품,False
유아이엘,049520,핸드셋,False
유안타제3호스팩,287410,창업투자,False
유안타제4호스팩,313750,창업투자,False
유안타제5호스팩,336060,창업투자,False
유안타제6호스팩,340360,창업투자,False
유앤아이,056090,건강관리장비와 용품,False
유에스티,263770,철강,False
유진기업,023410,건축자재,False
유진로봇,056080,가정용 기기와 용품,False
유진스팩4호,321260,창업투자,False
유진스팩5호,331380,창업투자,False
유진테크,084370,반도체와 반도체 장비,False
유테크,178780,핸드셋,False
유티아이,179900,핸드셋,False
유틸렉스,263050,생물공학,False
육일씨엔에쓰,191410,핸드셋,False
율호,072770,IT서비스,False
이건홀딩스,039020,건축제품,False
이그잭스,060230,전자장비와 기기,False
이글루시큐리티,067920,소프트웨어,False
이글벳,044960,제약,False
이노메트리,302430,전기제품,False
이노와이어리스,073490,통신장비,False
이노와이즈,086250,자동차부품,False
이노인스트루먼트,215790,통신장비,False
이노테라피,246960,건강관리장비와 용품,False
이녹스,088390,레저용 장비와 제품,False
이녹스첨단소재,272290,전자장비와 기기,False
이니텍,053350,소프트웨어,False
이더블유케이,258610,기계,False
이디티,215090,우주항공과 국방,False
이라이콤,041520,디스플레이장비 및 부품,False
이랜시스,264850,전자장비와 기기,False
이랜텍,054210,핸드셋,False
이루다,164060,건강관리장비와 용품,False
이루온,065440,IT서비스,False
이매진아시아,036260,방송과엔터테인먼트,False
이미지스,115610,핸드셋,False
이베스트스팩5호,349720,창업투자,False
이베스트이안스팩1호,323210,창업투자,False
이베스트투자증권,078020,증권,False
이상네트웍스,080010,인터넷과 카탈로그 소매,False
이수앱지스,086890,제약,False
이스트소프트,047560,소프트웨어,False
이스트아시아홀딩스,900110,"섬유, 의류, 신발, 호화품",False
이씨에스,067010,IT서비스,False
이에스에이,052190,방송과엔터테인먼트,False
이엑스티,226360,건축자재,False
이엔드디,101360,자동차부품,False
이엔에프테크놀로지,102710,화학,False
이엘피,063760,디스플레이장비 및 부품,False
이엠넷,123570,광고,False
이엠앤아이,083470,핸드셋,False
이엠코리아,095190,기계,False
이엠텍,091120,핸드셋,False
이오테크닉스,039030,반도체와 반도체 장비,False
이오플로우,294090,건강관리장비와 용품,False
이원컴포텍,088290,자동차부품,False
이즈미디어,181340,핸드셋,False
이지바이오,353810,식품,False
이지웰,090850,상업서비스와 공급품,False
이지케어텍,099750,건강관리기술,False
이지홀딩스,035810,식품,False
이큐셀,160600,디스플레이장비 및 부품,False
이크레더블,092130,상업서비스와 공급품,False
이테크건설,016250,건설,False
이트론,096040,전자장비와 기기,False
이퓨쳐,134060,교육서비스,False
이화공영,001840,건설,False
이화전기,024810,전기장비,False
인바디,041830,건강관리장비와 용품,False
인베니아,079950,디스플레이장비 및 부품,False
인산가,277410,식품,False
인선이엔티,060150,상업서비스와 공급품,False
인성정보,033230,통신장비,False
인지디스플레,037330,디스플레이장비 및 부품,False
인콘,083640,전자장비와 기기,False
인크로스,216050,광고,False
인탑스,049070,핸드셋,False
인터로조,119610,건강관리장비와 용품,False
인터엠,017250,전자장비와 기기,False
인터파크,035080,인터넷과 카탈로그 소매,False
인터플렉스,051370,전자장비와 기기,False
인텍플러스,064290,반도체와 반도체 장비,False
인텔리안테크,189300,통신장비,False
인트로메딕,150840,건강관리장비와 용품,False
인트론바이오,048530,생명과학 도구 및 서비스,False
인포마크,175140,핸드셋,False
인포바인,115310,IT서비스,False
인포뱅크,039290,IT서비스,False
인프라웨어,041020,소프트웨어,False
인피니트헬스케어,071200,건강관리기술,False
인화정공,101930,조선,False
일신바이오,068330,생명과학 도구 및 서비스,False
일야,058450,핸드셋,False
일지테크,019540,자동차부품,False
일진파워,094820,건설,False
잉글우드랩,950140,화장품,False
잉크테크,049550,컴퓨터와 주변기기,False
자비스,254120,기계,False
자안,221610,화학,False
자연과환경,043910,상업서비스와 공급품,False
자이글,234920,가정용 기기와 용품,False
장원테크,174880,핸드셋,False
재영솔루텍,049630,핸드셋,False
전진바이오팜,110020,화학,False
전파기지국,065530,무선통신서비스,False
정다운,208140,식품,False
정산애강,022220,건축제품,False
정상제이엘에스,040420,교육서비스,False
정원엔시스,045510,IT서비스,False
제낙스,065620,비철금속,False
제너셈,217190,반도체와 반도체 장비,False
제넥신,095700,생물공학,False
제넨바이오,072520,상업서비스와 공급품,False
제노레이,122310,건강관리장비와 용품,False
제노포커스,187420,생물공학,False
제놀루션,225220,건강관리장비와 용품,False
제닉,123330,화장품,False
제로투세븐,159580,"섬유, 의류, 신발, 호화품",False
제룡산업,147830,전기장비,False
제룡전기,033100,전기장비,False
제우스,079370,반도체와 반도체 장비,False
제이브이엠,054950,건강관리장비와 용품,False
제이스텍,090470,디스플레이장비 및 부품,False
제이씨케미칼,137950,에너지 장비 및 서비스,False
제이씨현시스템,033320,-,False
제이앤티씨,204270,전자장비와 기기,False
제이에스티나,026040,"섬유, 의류, 신발, 호화품",False
제이엔케이히터,126880,기계,False
제이엘케이,322510,건강관리기술,False
제이엠아이,033050,디스플레이장비 및 부품,False
제이엠티,094970,디스플레이장비 및 부품,False
제이웨이,058420,방송과엔터테인먼트,False
제이티,089790,반도체와 반도체 장비,False
제일바이오,052670,제약,False
제일제강,023440,철강,False
제일테크노스,038010,건축제품,False
제주반도체,080220,반도체와 반도체 장비,False
제테마,216080,건강관리장비와 용품,False
젠큐릭스,229000,건강관리장비와 용품,False
젬백스,082270,반도체와 반도체 장비,False
젬백스링크,064800,"섬유, 의류, 신발, 호화품",False
젬백스지오,041590,에너지 장비 및 서비스,False
조광ILI,044060,기계,False
조아제약,034940,제약,False
조이맥스,101730,게임엔터테인먼트,False
조이시티,067000,게임엔터테인먼트,False
좋은사람들,033340,"섬유, 의류, 신발, 호화품",False
주성엔지니어링,036930,반도체와 반도체 장비,False
줌인터넷,239340,양방향미디어와서비스,False
중앙백신,072020,제약,False
중앙에너비스,000440,석유와 가스,False
지노믹트리,228760,건강관리장비와 용품,False
지니뮤직,043610,방송과엔터테인먼트,False
지니언스,263860,소프트웨어,False
지니틱스,303030,반도체와 반도체 장비,False
지란지교시큐리티,208350,소프트웨어,False
지스마트글로벌,114570,디스플레이장비 및 부품,False
지어소프트,051160,식품과 기본식료품 소매,False
지에스이,053050,가스 유틸리티,False
지엔씨에너지,119850,전기장비,False
지엔원에너지,270520,에너지 장비 및 서비스,False
지엔코,065060,"섬유, 의류, 신발, 호화품",False
지엘팜텍,204840,제약,False
지와이커머스,111820,인터넷과 카탈로그 소매,False
지트리비앤티,115450,제약,False
지티지웰니스,219750,건강관리장비와 용품,False
진로발효,018120,음료,False
진매트릭스,109820,생물공학,False
진바이오텍,086060,제약,False
진성티이씨,036890,기계,False
진양제약,007370,제약,False
차바이오텍,085660,생물공학,False
참좋은여행,094850,"호텔, 레스토랑, 레저",False
창해에탄올,004650,음료,False
천랩,311690,건강관리기술,False
천보,278280,디스플레이장비 및 부품,False
청담러닝,096240,교육서비스,False
청보산업,013720,자동차부품,False
체리부로,066360,식품,False
초록뱀,047820,방송과엔터테인먼트,False
칩스앤미디어,094360,반도체와 반도체 장비,False
카스,016920,전자장비와 기기,False
카이노스메드,284620,제약,False
카카오게임즈,293490,소프트웨어,False
카페24,042000,IT서비스,False
캐리소프트,317530,양방향미디어와서비스,False
캐스텍코리아,071850,자동차부품,False
캔서롭,180400,생명과학 도구 및 서비스,False
캠시스,050110,핸드셋,False
컬러레이,900310,화장품,False
컴투스,078340,게임엔터테인먼트,False
컴퍼니케이,307930,창업투자,False
케어랩스,263700,건강관리기술,False
케어젠,214370,생물공학,False
케이디켐,221980,화학,False
케이맥,043290,디스플레이장비 및 부품,False
케이비17호스팩,317030,창업투자,False
케이비제18호스팩,323940,창업투자,False
케이비제19호스팩,330990,창업투자,False
케이비제20호스팩,342550,창업투자,False
케이사인,192250,소프트웨어,False
케이씨에스,115500,IT서비스,False
케이씨티,089150,컴퓨터와 주변기기,False
케이씨피드,025880,식품,False
케이아이엔엑스,093320,IT서비스,False
케이에스피,073010,조선,False
케이엔더블유,105330,자동차부품,False
케이엔제이,272110,디스플레이장비 및 부품,False
케이엘넷,039420,IT서비스,False
케이엠,083550,반도체와 반도체 장비,False
케이엠더블유,032500,통신장비,False
케이엠제약,225430,가정용품,False
케이프,064820,조선,False
케이프이에스제4호,347140,창업투자,False
케이피에스,256940,디스플레이장비 및 부품,False
케이피에프,024880,기계,False
케이피엠테크,042040,화학,False
케이피티유,054410,비철금속,False
켄코아에어로스페이스,274090,우주항공과 국방,False
켐온,217600,생명과학 도구 및 서비스,False
켐트로닉스,089010,화학,False
켐트로스,220260,화학,False
코나아이,052400,전자장비와 기기,False
코너스톤네트웍스,033110,전자장비와 기기,False
코닉글로리,094860,소프트웨어,False
코다코,046070,자동차부품,False
코데즈컴바인,047770,"섬유, 의류, 신발, 호화품",False
코드네이처,078940,에너지 장비 및 서비스,False
코디,080530,화장품,False
코디엠,224060,반도체와 반도체 장비,False
코렌,078650,핸드셋,False
코렌텍,104540,건강관리장비와 용품,False
코리아나,027050,화장품,False
코리아센터,290510,인터넷과 카탈로그 소매,False
코리아에셋투자증권,190650,증권,False
코리아에스이,101670,건설,False
코리아에프티,123410,자동차부품,False
코맥스,036690,통신장비,False
코메론,049430,기계,False
코미코,183300,반도체와 반도체 장비,False
코미팜,041960,제약,False
코세스,089890,반도체와 반도체 장비,False
코센,009730,비철금속,False
코스나인,082660,핸드셋,False
코스맥스엔비티,222040,제약,False
코스메카코리아,241710,화장품,False
코스온,069110,화장품,False
코아스템,166480,생물공학,False
코아시아,045970,핸드셋,False
코엔텍,029960,상업서비스와 공급품,False
코오롱생명과학,102940,제약,False
코오롱티슈진,950160,판매업체,False
코웰패션,033290,"섬유, 의류, 신발, 호화품",False
코위버,056360,통신장비,False
코윈테크,282880,기계,False
코이즈,121850,디스플레이장비 및 부품,False
코콤,015710,통신장비,False
코텍,052330,전자장비와 기기,False
코프라,126600,자동차부품,False
콜마비앤에이치,200130,제약,False
큐렉소,060280,판매업체,False
큐로컴,040350,IT서비스,False
큐로홀딩스,051780,방송과엔터테인먼트,False
큐리언트,115180,생물공학,False
큐브앤컴퍼니,043090,제약,False
큐브엔터,182360,방송과엔터테인먼트,False
큐에스아이,066310,반도체와 반도체 장비,False
큐캐피탈,016600,창업투자,False
크로바하이텍,043590,전기제품,False
크루셜텍,114120,핸드셋,False
크리스에프앤씨,110790,"섬유, 의류, 신발, 호화품",False
크리스탈신소재,900250,화학,False
크리스탈지노믹스,083790,생명과학 도구 및 서비스,False
크린앤사이언스,045520,자동차부품,False
클래시스,214150,건강관리장비와 용품,False
클리오,237880,화장품,False
키네마스터,139670,소프트웨어,False
키움제5호스팩,311270,창업투자,False
키이스트,054780,방송과엔터테인먼트,False
타이거일렉,219130,반도체와 반도체 장비,False
탑엔지니어링,065130,디스플레이장비 및 부품,False
태광,023160,기계,False
태양,053620,가정용품,False
태웅,044490,기계,False
태웅로직스,124560,해운사,False
테고사이언스,191420,생물공학,False
테라사이언스,073640,기계,False
테라셈,182690,반도체와 반도체 장비,False
테라젠이텍스,066700,제약,False
테스,095610,반도체와 반도체 장비,False
테스나,131970,반도체와 반도체 장비,False
테크윙,089030,반도체와 반도체 장비,False
텔레칩스,054450,반도체와 반도체 장비,False
텔레필드,091440,통신장비,False
텔콘RF제약,200230,통신장비,False
토박스코리아,215480,"섬유, 의류, 신발, 호화품",False
토비스,051360,디스플레이장비 및 부품,False
토탈소프트,045340,운송 인프라,False
톱텍,108230,디스플레이장비 및 부품,False
투비소프트,079970,소프트웨어,False
트루윈,105550,자동차부품,False
특수건설,026150,건설,False
티라유텍,322180,IT서비스,False
티로보틱스,117730,디스플레이장비 및 부품,False
티비씨,033830,방송과엔터테인먼트,False
티사이언티픽,057680,양방향미디어와서비스,False
티씨케이,064760,반도체와 반도체 장비,False
티앤알바이오팹,246710,생물공학,False
티에스아이,277880,기계,False
티에스이,131290,반도체와 반도체 장비,False
티엘아이,062860,디스플레이장비 및 부품,False
티움바이오,321550,제약,False
티케이케미칼,104480,화학,False
티플랙스,081150,비철금속,False
티피씨글로벌,130740,자동차부품,False
팅크웨어,084730,전자제품,False
파나진,046210,생명과학 도구 및 서비스,False
파라다이스,034230,"호텔, 레스토랑, 레저",False
파라텍,033540,기계,False
파루,043200,에너지 장비 및 서비스,False
파마리서치프로덕트,214450,제약,False
파멥신,208340,생물공학,False
파버나인,177830,비철금속,False
파세코,037070,가정용 기기와 용품,False
파수,150900,소프트웨어,False
파워넷,037030,전기제품,False
파워로직스,047310,전기제품,False
파이오링크,170790,통신장비,False
파인디앤씨,049120,디스플레이장비 및 부품,False
파인디지털,038950,전자제품,False
파인테크닉스,106240,핸드셋,False
파인텍,131760,디스플레이장비 및 부품,False
파커스,065690,컴퓨터와 주변기기,False
파크시스템스,140860,전자장비와 기기,False
파트론,091700,핸드셋,False
팍스넷,038160,IT서비스,False
판타지오,032800,방송과엔터테인먼트,False
팜스빌,318010,제약,False
팜스토리,027710,식품,False
패션플랫폼,225590,"섬유, 의류, 신발, 호화품",False
팬스타엔터프라이즈,054300,자동차부품,False
팬엔터테인먼트,068050,방송과엔터테인먼트,False
팬젠,222110,생물공학,False
펄어비스,263750,게임엔터테인먼트,False
펌텍코리아,251970,포장재,False
펩트론,087010,생물공학,False
평화정공,043370,자동차부품,False
포메탈,119500,기계,False
포비스티앤씨,016670,소프트웨어,False
포스링크,056730,전문소매,False
포스코 ICT,022100,IT서비스,False
포스코엠텍,009520,철강,False
포시에스,189690,소프트웨어,False
포인트엔지니어링,256630,디스플레이장비 및 부품,False
포티스,141020,인터넷과 카탈로그 소매,False
푸드나무,290720,식품,False
푸드웰,005670,식품,False
푸른기술,094940,컴퓨터와 주변기기,False
푸른저축은행,007330,기타금융,False
풍강,093380,자동차부품,False
풍국주정,023900,음료,False
퓨전,195440,소프트웨어,False
퓨쳐스트림네트웍스,214270,양방향미디어와서비스,False
퓨쳐켐,220100,제약,False
프럼파스트,035200,건축제품,False
프로스테믹스,203690,생물공학,False
프로텍,053610,반도체와 반도체 장비,False
프리엠스,053160,기계,False
플랜티넷,075130,소프트웨어,False
플레이디,237820,광고,False
플레이위드,023770,게임엔터테인먼트,False
플리토,300080,양방향미디어와서비스,False
피델릭스,032580,반도체와 반도체 장비,False
피씨디렉트,051380,컴퓨터와 주변기기,False
피씨엘,241820,생명과학 도구 및 서비스,False
피앤씨테크,237750,전기장비,False
피앤이솔루션,131390,전기제품,False
피에스엠씨,024850,반도체와 반도체 장비,False
피에스케이,319660,반도체와 반도체 장비,False
피에스케이홀딩스,031980,반도체와 반도체 장비,False
피에스텍,002230,전기제품,False
피엔케이피부임상연구센타,347740,생명과학 도구 및 서비스,False
피엔티,137400,전기제품,False
피제이메탈,128660,비철금속,False
피제이전자,006140,건강관리장비와 용품,False
피플바이오,304840,건강관리장비와 용품,False
피피아이,062970,통신장비,False
픽셀플러스,087600,반도체와 반도체 장비,False
필로시스헬스케어,057880,전자제품,False
필옵틱스,161580,디스플레이장비 및 부품,False
핌스,347770,디스플레이장비 및 부품,False
하나금융14호스팩,332710,창업투자,False
하나금융15호스팩,341160,창업투자,False
하나금융16호스팩,343510,창업투자,False
하나마이크론,067310,반도체와 반도체 장비,False
하나머스트제6호스팩,307160,창업투자,False
하나머티리얼즈,166090,반도체와 반도체 장비,False
하림,136480,식품,False
하림지주,003380,식품,False
하이로닉,149980,건강관리장비와 용품,False
하이록코리아,013030,기계,False
하이비젼시스템,126700,핸드셋,False
하이소닉,106080,핸드셋,False
하이제4호스팩,317240,창업투자,False
하이제5호스팩,340120,창업투자,False
하이즈항공,221840,우주항공과 국방,False
하이텍팜,106190,제약,False
하츠,066130,가정용 기기와 용품,False
한국가구,004590,식품과 기본식료품 소매,False
한국경제TV,039340,방송과엔터테인먼트,False
한국기업평가,034950,상업서비스와 공급품,False
한국맥널티,222980,식품,False
한국바이오젠,318000,화학,False
한국비엔씨,256840,건강관리장비와 용품,False
한국선재,025550,철강,False
한국아트라스비엑스,023890,자동차부품,False
한국알콜,017890,화학,False
한국유니온제약,080720,제약,False
한국전자금융,063570,IT서비스,False
한국전자인증,041460,IT서비스,False
한국정밀기계,101680,기계,False
한국정보공학,039740,컴퓨터와 주변기기,False
한국정보인증,053300,IT서비스,False
한국정보통신,025770,다각화된 통신서비스,False
한국제7호스팩,291210,창업투자,False
한국제8호스팩,310870,창업투자,False
한국캐피탈,023760,기타금융,False
한국컴퓨터,054040,디스플레이장비 및 부품,False
한국코퍼레이션,050540,상업서비스와 공급품,False
한국큐빅,021650,자동차부품,False
한국테크놀로지,053590,기계,False
한국파마,032300,제약,False
한국팩키지,037230,포장재,False
한글과컴퓨터,030520,소프트웨어,False
한네트,052600,IT서비스,False
한독크린텍,256150,가정용 기기와 용품,False
한라IMS,092460,조선,False
한류타임즈,039670,출판,False
한빛소프트,047080,게임엔터테인먼트,False
한솔인티큐브,070590,IT서비스,False
한송네오텍,226440,디스플레이장비 및 부품,False
한스바이오메드,042520,건강관리장비와 용품,False
한양디지텍,078350,반도체와 반도체 장비,False
한양이엔지,045100,건설,False
한일네트웍스,046110,IT서비스,False
한일단조,024740,자동차부품,False
한일사료,005860,식품,False
한일진공,123840,핸드셋,False
한일화학,007770,화학,False
한창산업,079170,비철금속,False
한컴MDS,086960,소프트웨어,False
한컴위드,054920,소프트웨어,False
한탑,002680,식품,False
한프,066110,컴퓨터와 주변기기,False
한화에스비아이스팩,317320,창업투자,False
한화플러스제1호스팩,340440,창업투자,False
해덕파워웨이,102210,조선,False
해마로푸드서비스,220630,"호텔, 레스토랑, 레저",False
해성산업,034810,부동산,False
해성옵틱스,076610,핸드셋,False
핸디소프트,220180,소프트웨어,False
행남사,008800,가정용 기기와 용품,False
헝셩그룹,900270,레저용 장비와 제품,False
헬릭스미스,084990,생물공학,False
현대공업,170030,자동차부품,False
현대바이오,048410,화장품,False
현대바이오랜드,052260,화장품,False
현대사료,016790,식품,False
현대통신,039010,통신장비,False
현우산업,092300,전자장비와 기기,False
현진소재,053660,조선,False
형지I&C,011080,"섬유, 의류, 신발, 호화품",False
홈센타홀딩스,060560,건축자재,False
홈캐스트,064240,전자제품,False
화성밸브,039610,기계,False
화신정공,126640,자동차부품,False
화일약품,061250,제약,False
효성오앤비,097870,화학,False
휘닉스소재,050090,디스플레이장비 및 부품,False
휴네시온,290270,소프트웨어,False
휴림로봇,090710,기계,False
휴마시스,205470,생명과학 도구 및 서비스,False
휴맥스,115160,전자제품,False
휴맥스홀딩스,028080,전자제품,False
휴메딕스,200670,제약,False
휴비츠,065510,건강관리장비와 용품,False
휴온스,243070,제약,False
휴온스글로벌,084110,제약,False
휴젤,145020,생물공학,False
흥구석유,024060,석유와 가스,False
흥국,010240,기계,False
흥국에프엔비,189980,음료,False
희림,037440,건설,False
힘스,238490,디스플레이장비 및 부품,False
